Digitalisierung;+
Blockchain;+
Ethereum;+
web3.js;+
Truffle;+
Solidity;+
Geth;+
Firebase;+
Ionic;+
AWS;+
Google;+
Cloud;+
IOT;+
Android;+
Bluetooth;+
Sensor;+
LDAP;+
Microsoft;+
.Net;+
SMS;+
Oracle;+
Java;+
Teradata;+
XML;+
Tibco;+
Trillium;+
Fuzzy;+
MDM;+
AXIS;+
Struts;+
Hibernate;+
BW;+
EDIFACT;+
CSV;+
Reporting;+
myFaces;+
RichFaces;+
JSF;+
Apache;+
Spring;+
Tomcat;+
tomcat;+
Lucene;+
EAM;+
Glassfish;+
EE;+
WSDL;+
SOAP;+
iPad;+
Chipkarten;+
iPhone;+
iOS;+
Webservices;+
mobile;+
Architekturberatung;+
Jetty;+
Excel;+
Wicket;+
HTML;+
Codeanalyse;+
Mobility;+
Unix;+
Mainframe;+
Cobol;+
Windows;+
MS;+
JPA;+
Web;+
jQuery;+
Gui;+
Gui-Design;+
GUI;+
JavaScript;+
Liferay;+
RESTful;+
CDN;+
REST;+
EXI;+
HTMLUnit;+
DOORS;+
JUnit;+
Subversion;+
Ant;+
IBM;+
HP;+
MMS;+
SQLServer;+
BizTalk;+
SQL-Server;+
NET;+
SQL;+
IIS;+
Docker;+
Spring-boot;+
jHipster;+
Elasticsearch;+
Angular;+
JS;+
AngularJS;+
Boot;+
Neo4j;+
Neo4J;+
MariaDB;+
Logstash;+
Redis;+
Linux;+
SLES;+
WebLogic;+
Weblogic;+
JEE;+
QlikView;+
Hadoop;+
Hive;+
MapReduce;+
Apple;+
Vert.X;+
Objective-C;+
JSP;+
HTTP;+
Mobile;+
Scrum;+
EFI;+
API;+
AUTOSAR;+
UML;+
Bebauungsmanagement;+
Swagger;+
Intranet;+
Augmented;+
Vuforia;+
Qualcomm;+
OpenGL;+
agile;+
Cognos;+
DB2;+
BI;+
Websocket;+
CSS;+
GlassFish;+
SAP;+
Spatial;+
Facebook-API;+
Architekturanalyse;+
arc42;+
JMS;+
SCRUM;+
iteraplan;+
