Java;+
Oracle;+
Spring;+
DB;+
Web;+
iteraplan;+
Liferay;+
SQL;+
EAM;+
Script;+
Android;+
Services;+
Hibernate;+
MS;+
Enterprise;+
Software;+
Portal;+
Glassfish;+
App;+
Server;+
SAP;+
Office;+
JavaScript;+
Backend;+
Angular;+
OS;+
REST;+
SCRUM;+
HTML;+
MQ;+
EE;+
Client;+
DB2;+
iOS;+
IBM;+
Scrum;+
JBoss;+
Microsoft;+
IOT;+
KI;+
Blockchain;+
Ethereum;+
Smart;+
API;+
web3.js;+
Truffle;+
Solidity;+
Geth;+
Firebase;+
Ionic;+
web;+
Messaging;+
AWS;+
Google;+
Cloud;+
Bluetooth;+
Mattermost;+
Exchange;+
Internet;+
Interface;+
Smartphone;+
Sensor;+
Chip;+
Chatsystem;+
LDAP;+
Mail;+
Tibco;+
Fuzzy;+
Trillium;+
AXIS;+
Struts;+
Teradata;+
Infor;+
Mobilfunk;+
.Net;+
Net;+
XML;+
Fax;+
SMS;+
E-Mail;+
Frontend;+
Anwendungslandschaft;+
EDIFACT;+
CSV;+
Schema;+
Modellierung;+
Datenmodellierung;+
Datenaustausch;+
Konfigurierbarkeit;+
Analyse;+
Altsysteme;+
Datenmodells;+
Datentransformation;+
File;+
Kernsystemen;+
Managed;+
Prozessmodellierung;+
Architektur;+
Datenmodell;+
System;+
Output;+
Logik;+
Integration;+
flexible;+
Monitoring;+
Reporting;+
Design;+
Implementierung;+
Prozesse;+
Mappings;+
Architekturprinzipien;+
Vorstudie;+
Transfer;+
Solution;+
Produktangebote;+
Neuimplementierung;+
Fehler;+
Austausch;+
Basis;+
Systemlandschaft;+
Produkt;+
Umsetzung;+
Business;+
Datenformate;+
Datenformaten;+
Standardsoftware;+
Management;+
strukturierter;+
analysieren;+
managements;+
Faces;+
Dienste;+
myFaces;+
Technologien;+
RichFaces;+
JSF;+
Apache;+
Tomcat;+
tomcat;+
Lucene;+
Bedienkonzepte;+
Anforderungsanalyse;+
Webseite;+
elektronischen;+
Softwareentwicklung;+
Service;+
Anforderungen;+
Konzeption;+
Optimierung;+
ARIS;+
Swing;+
Tests;+
Websphere;+
Excel;+
Technische;+
Eclipse;+
AngularJS;+
Komponenten;+
Digitalisierung;+
Docker;+
Mobility;+
Schnittstellen;+
Projektmanagement;+
SOAP;+
MySQL;+
Process;+
Intranet;+
Security;+
jQuery;+
Maven;+
Ant;+
Mobile;+
BIRT;+
Infrastruktur;+
BI;+
SharePoint;+
Confluence;+
GWT;+
DBMS;+
Ajax;+
Architecture;+
Analysen;+
Definition;+
Bebauungsmanagement;+
Engine;+
Hardware;+
Reports;+
JSP;+
Wicket;+
Governance;+
Elasticsearch;+
ESB;+
Jenkins;+
Hive;+
CSS;+
Application;+
Risiken;+
Velocity;+
JUnit;+
Speed;+
Informationsmanagement;+
Agiles;+
Selenium;+
Gateway;+
TypeScript;+
CAS;+
Architect;+
Transformation;+
Warehouse;+
Designer;+
UML;+
iterative;+
SOA;+
Tools;+
Testautomatisierung;+
PostgreSQL;+
Werkzeug;+
Automatisierung;+
Anforderungsmanagement;+
Realisierung;+
Konsolidierung;+
Bestandsaufnahme;+
Managements;+
Camunda;+
Subversion;+
Spezifikation;+
Applikation;+
JPA;+
Master;+
Entwicklungsprozess;+
JMS;+
Telematik;+
Framework;+
Quality;+
Jira;+
Neuausrichtung;+
Neuentwicklung;+
Workflow;+
Swift;+
RCP;+
Phone;+
Architekturberatung;+
Hadoop;+
Applikationen;+
Intelligence;+
BPMN;+
Cognos;+
QlikView;+
Architekturanalyse;+
Cordova;+
Portals;+
CMS;+
Legacy;+
PDF;+
Datenbank;+
iPhone;+
XWiki;+
WebLogic;+
arc42;+
SSAS;+
Batch;+
HP;+
Corba;+
online;+
Dojo;+
GUI;+
ServiceMix;+
FUSE;+
Lawson;+
Stammdatenmanagement;+
Informationsbebauung;+
GXT;+
Weblogic;+
Prozesses;+
Redis;+
BiPRO;+
Bi;+
Hudson;+
Portale;+
Netzdokumentation;+
Sonar;+
Directory;+
Roll-out;+
MMS;+
Wiki;+
Architekturreview;+
Groovy;+
Mockito;+
Lifecycle;+
Demand;+
Layers;+
MDM;+
Single-Sign-On;+
WebServices;+
Linux;+
Biz;+
Talk;+
Bugs;+
Zielarchitektur;+
Crystal;+
NET;+
Mongo;+
Altsystem;+
VBA;+
Git;+
Swagger;+
Workflows;+
Prototypen;+
Tool;+
Model;+
HSQLDB;+
Adobe;+
ASF;+
AJAX;+
Architekten;+
Komponente;+
Offline;+
Release;+
Programmierrichtlinien;+
Tivoli;+
camunda;+
Dokumentenmanagement;+
Windows;+
agil;+
Objective-C;+
GIT;+
OpenLayers;+
Generierung;+
Unisys;+
Experience;+
Fat-Client;+
AIX;+
Aggregation;+
Mainframe;+
Artefakte;+
Algorithmen;+
Map;+
ZK;+
Programm;+
JMX;+
Documentum;+
C++;+
BPM;+
Bebauung;+
Webservices;+
Vernetzung;+
JIRA;+
BizTalk;+
HTMLUnit;+
DOORS;+
Grails;+
FindBugs;+
Domain;+
JS;+
Top;+
Entwicklungsprozesse;+
SPICE;+
agile;+
Siebel;+
Sharepoint;+
OpenAM;+
ERP;+
OAuth;+
Smalltalk;+
LifeCycle;+
Talend;+
Architekturkonzepte;+
Build;+
Web-Frontend;+
POI;+
Container;+
OpenLink;+
Xenon;+
VIZ;+
MX;+
Allegro;+
Continuous;+
Burp;+
PPM;+
Silverlight;+
spring;+
Camel;+
Logstash;+
STAN;+
PHP;+
Stan;+
Swarm;+
Viewpoint;+
Objects;+
Access;+
jBPM;+
Sun;+
Prozesssteuerung;+
Gard;+
CARNOT;+
Dialogmaschine;+
PMD;+
CheckStyle;+
management;+
Produktentwicklung;+
Bus;+
JSR;+
Rational;+
jHipster;+
Konzeptstudie;+
NFA;+
Toolkit;+
Canvas;+
3DS;+
TestNG;+
Innovator;+
Stacks;+
Informatik;+
SSO;+
GINA;+
CRM;+
Clarity;+
Agiler;+
Kl;+
CICS;+
Altanwendung;+
ABAP;+
Push;+
WSDL;+
Micro;+
Visual;+
Broker;+
Datensicherheit;+
Notes;+
Lotus;+
Splunk;+
Testfallspezifikationen;+
Drupal;+
Automatische;+
PowerBuilder;+
Analyzer;+
Spirit;+
PIM;+
SVN;+
SLES;+
Facebook-API;+
SWOT;+
HTML5;+
offline;+
Modell;+
Rechenzentrumsbetrieb;+
Manager;+
proprietäres;+
PDA;+
GPRS;+
Techniken;+
Views;+
TMS;+
SQL-Server;+
Prozessanalyse;+
Templates;+
Gradle;+
SQLite;+
Handy;+
Vendor;+
Planning;+
Signavio;+
Mobilfunknetzes;+
JAX-RS;+
React;+
JavaFX;+
MVP;+
Softwarekomponenten;+
AUTOSAR;+
Innovationen;+
Zielbild;+
asynchrone;+
Neusystem;+
ADABAS;+
Microservices;+
Docker-Swarm;+
JMeter;+
JAAS;+
Gerrit;+
CI;+
Entwicklungspartner;+
Legacy-System;+
Chipkarten;+
Anforderungsdefinition;+
Neubau;+
GeoServer;+
Azure;+
Systemlieferanten;+
Flyway;+
Blackberry;+
Navigator;+
Information;+
Developer;+
AspectJ;+
ETL;+
Kibana;+
Benchmark;+
Produktportfolio;+
Gesamtarchitektur;+
Massendaten;+
Sicherheitsinfrastruktur;+
Graph;+
Ruby;+
hoc;+
EXI;+
Kommunikationsanbieter;+
Frameworks;+
Abstraktionsschicht;+
Touch;+
Parallelbetrieb;+
Einbettung;+
.NET;+
Sourcecode;+
Computing;+
Datenspeicherung;+
Terminal;+
Fernfunktionen;+
Testing;+
Augmented;+
Druckdaten;+
Zukunftssicherheit;+
Iterative;+
Standardvorgaben;+
Referenzmodells;+
MES;+
PM;+
ASP.NET;+
ASP;+
XHTML;+
Facelets;+
MID;+
Produktevaluierung;+
Token;+
Reverse;+
JSON;+
Vaadin;+
Zyklen;+
V3;+
GlassFish;+
Webservice;+
Drools;+
Prognosealgorithmen;+
Datenquellen;+
Liquibase;+
Peer;+
Contracts;+
Perl;+
Experten;+
Browser;+
Websocket;+
Big-Bang;+
iBatis;+
Implementierungspartner;+
Pivotal;+
Kotlin;+
Hystrix;+
Foundry;+
Quickcheck;+
Bedrohungsanalyse;+
Xcode;+
AppCode;+
Connect;+
LiPo;+
Betriebssystem;+
MS-Office;+
Quellsysteme;+
Prozesskette;+
Datendrehscheibe;+
Benutzerfreundlichkeit;+
Zielsystem;+
Nachbarsystemen;+
Grid;+
Bebauungsplanung;+
Load;+
Middleware;+
Notification;+
Apple;+
Werkzeugen;+
iPad;+
Pad;+
Postgres;+
Bandbreite;+
Dokumentationen;+
Modellbeschreibung;+
Desktop;+
Database;+
Unix;+
Jetty;+
Zugriffe;+
Entwicklerteams;+
Messsystemen;+
Netzbetreiber;+
Zielapplikationen;+
XStream;+
JExcelAPI;+
Physik;+
Entwicklungsumgebung;+
Netzes;+
Interactive;+
Datenanalysen;+
Reaktionszeiten;+
Druckdatenversorgung;+
Embedded;+
Entwicklungsstand;+
Virtualisierung;+
Messdaten;+
SWT;+
Operation;+
.net;+
graphische;+
Neukonzeption;+
TM1;+
TM;+
EncFS;+
Enc;+
Improvement;+
Determination;+
DIN;+
Capability;+
TOGAF;+
Routinen;+
Informationsbasis;+
Ziellandschaft;+
Logos;+
GATE;+
Masterplan;+
Redux;+
Gui-Design;+
Gui;+
Impact;+
Zieldatenbank;+
Kapselung;+
kontinuierlicher;+
skalierbaren;+
Quick;+
funktionaler;+
WebView;+
Prozessmanagement;+
https;+
Backendsystem;+
Navigation;+
SW;+
Jboss;+
Hoc;+
Minimierung;+
Abrechnungssystem;+
Robustheit;+
Systemdesign;+
Wartungsaufwand;+
dynamisch;+
Entwicklungsprozesses;+
Bebauungsmanagements;+
Fehleranalysen;+
Fehleranalyse;+
Datenmigration;+
evolution;+
Visualisierungen;+
innovativer;+
Redmine;+
modellbasierten;+
Mega;+
Funktion;+
Systemkoordination;+
Projektprozessen;+
JSTL;+
Rapid;+
synchrone;+
Routen;+
Serverarchitektur;+
Sichtbarkeit;+
Softwarearchitekt;+
Prozesslandkarte;+
Functional;+
Conceptional;+
Bebauungsplan;+
iText;+
Magic;+
FIBU;+
Draw;+
modularisierte;+
Rohdaten;+
Datenmengen;+
Auswertungsergebnisse;+
Unternehmensnetze;+
PLM;+
Gateways;+
updaten;+
Code-Reviews;+
Programmierung;+
UA;+
OPC;+
Kan;+
Architekturdaten;+
Greenhopper;+
Atlassian;+
Kafka;+
Methode;+
Tablet;+
Fremdsysteme;+
Applikationsportale;+
Softwarelieferungen;+
Lebenszyklus;+
Dashboards;+
Deploy;+
Testergebnisse;+
Instanzen;+
EC2;+
EC;+
Bash;+
Dienstes;+
Applications;+
TOPS;+
Automatisierte;+
Speichern;+
Skalierbare;+
ZAP;+
Port;+
Entwicklungsteams;+
Angriffen;+
Angreifern;+
Mobil;+
Dialoge;+
Produktverantwortung;+
dokumentieren;+
YUI-Compressor;+
YSlow;+
Scripts;+
PageSpeed;+
Monster;+
Ladezeit;+
FireBug;+
Fire;+
DOM;+
Compressor;+
Bug;+
Maschinen;+
Spark;+
Events;+
Durchsatz;+
Portfolios;+
Codes;+
Kanban;+
D3.js;+
D3;+
Ausfallsicherheit;+
Synchronisierung;+
Ticket-System;+
SLab;+
Diagnosedaten;+
Optimierter;+
Archimate;+
BMC;+
WS;+
QTP;+
JAXB;+
Knowledge-Base;+
Base;+
Quellsystem;+
Eigenentwicklung;+
Machine;+
Cockpits;+
Learning;+
RESTful;+
verschlüsselte;+
personalisierte;+
Betriebsdatenerfassung;+
Templating-Engine;+
OpenCover;+
Cover;+
Multi;+
Tabellen;+
Hintergrundsystem;+
Grails-Plugin;+
Zahlungsinfrastruktur;+
Verified;+
Storage;+
Programmcode;+
Forms;+
Gates;+
Testmanagement;+
Android-App;+
Cocoa;+
CDN;+
SDK;+
Maria;+
HTTP;+
RS232;+
QT4.8;+
QT;+
M2M;+
EOL;+
responsive;+
Regelwerke;+
Regelwerk;+
Ergebnisdokumente;+
Wearable;+
WCF;+
Statusmeldungen;+
Sharp;+
PostSharp;+
NUnit;+
NHibernate;+
FinalBuilder;+
Final;+
Word;+
Shell;+
SAS;+
JCL;+
Informatica;+
Assembler;+
Datenversorgung;+
Ops;+
DevOps;+
Dev;+
funktionale;+
unflexibel;+
dwpbank;+
Kubernetes;+
CloudFormation;+
Formation;+
Assistenzsystem;+
Modul;+
Webserver;+
Explorer;+
Vertriebssystem;+
Age;+
Jobs;+
Clusters;+
Patterns;+
modellieren;+
Venture;+
Joint;+
Connected;+
Technisch;+
Twitter;+
SuSE;+
WebSphere;+
Sphere;+
Quartz;+
EAP;+
Core;+
Graphite;+
CXF;+
Automatisierungsgrad;+
Datenbanken;+
Vertriebscockpit;+
SSRS;+
SSIS;+
Pivot;+
bootstrap;+
Bootstrap;+
Containern;+
Testen;+
Kontakt;+
Skalierbarkeit;+
SaaS;+
client;+
Systemkomponenten;+
Multichannel;+
Migrations;+
EDI;+
Logistics;+
boot;+
Spring-boot;+
Datenintensive;+
Shift;+
OpenShift;+
MRS;+
MIA;+
Frontends;+
iOS-App;+
SIP;+
Quelldatensysteme;+
Leitstellensysteme;+
Koordinator;+
Kommunikationswege;+
HiveMQ;+
Halte;+
Fingertipp;+
Asterisk;+
Analog;+
Abstraktion;+
Entwicklungsphase;+
Entwicklungsarbeit;+
Methodische;+
Landschaften;+
Architektenpool;+
Formatierungen;+
Berichtgenerierung;+
12c;+
Axis;+
hochskalierbare;+
cloud;+
Portalen;+
Kundenportale;+
Datendurchsatz;+
Belastbarkeit;+
Government;+
Bundesrechenzentrum;+
Architekturmodernisierung;+
SonarQube;+
Cucumber;+
Calabash;+
Integrationsaufgaben;+
visualisiert;+
Quellsystemen;+
Netzdaten;+
Kartendruckfunktionen;+
Architekturstacks;+
Scale;+
SASS;+
Prometheus;+
Keycloak;+
Grafana;+
3Scale;+
Organisationsverwaltung;+
Integrationsplattform;+
Typen;+
Floating;+
Verkehrsbackendsysteme;+
Nachbarsysteme;+
Anwendungsarchitektur;+
synchron;+
stabil;+
asynchron;+
Wiederverwendbarkeit;+
Queuing;+
Fehlertoleranz;+
Effizient;+
Bewegungsdaten;+
Arbeitsdaten;+
Produktfunktionen;+
Handling;+
Pflegekosten;+
Identity;+
Path;+
Neuentwicklungskosten;+
InfoPath;+
Anforderungsmanagements;+
Anforderungsbearbeitung;+
grafisch;+
Visualisierung;+
Steuerungsinstrumentarium;+
Prozesslandschaft;+
Applikationsroadmap;+
Prozessnormalisierung;+
Anwendungssystem;+
serielle;+
Use-Cases;+
Technikers;+
Technikern;+
Protokoll;+
Field;+
Zentralprojektes;+
Planungsgrundlagen;+
Change-Management;+
spring-ws-security;+
spring-ws;+
spring-aspects;+
security;+
eTS;+
aspects;+
Systemgestaltung;+
Systemaufbau;+
Modularer;+
Modular;+
Inkrementelle;+
Drittsoftware;+
Check-Out;+
Check-In;+
connect;+
Typ;+
Nutzungskonzept;+
Neuarchitektur;+
Entwicklungsprojekt;+
Codeanalyse;+
remote;+
Systemplattform;+
Softwarearchitektur;+
Projektorganisation;+
Architekturkonzeption;+
Anwendungsentwicklung;+
tickets;+
Individualentwicklung;+
navigieren;+
Benachrichtigung;+
Refactoring;+
Zielbildes;+
Execution;+
Computer;+
Aided;+
graphischen;+
phase;+
funktional;+
Produktionsbetriebs;+
Produktionsbetrieb;+
Nachrichtenverteilung;+
Nachrichtenformat;+
Nachrichtenaustausch;+
Nachrichten;+
COBOL;+
Silo;+
Reverse-Proxy;+
Login;+
Dokumentenaustausch;+
DMS;+
Systemkenntnis;+
Systemanbieter;+
Selektion;+
Selection;+
Kostenanalyse;+
Web-Services;+
Web-Service;+
Kundenportal;+
DMZ;+
Hot;+
Prototypische;+
CDI;+
USB;+
Tier;+
Three;+
Systemverhalten;+
Stick;+
Kommunikationsprozesse;+
Iteration;+
Fehlfunktion;+
Integrationsprozesses;+
Integrationsprozesse;+
Softwarelieferung;+
Onlineinhalte;+
Architekturreviews;+
IDs;+
Hintergrundsysteme;+
Dubletten;+
grafischen;+
Regellogik;+
Projectile;+
Technology;+
Provision;+
Peer-to-Peer;+
Ledger;+
Distributed;+
Books;+
Formaten;+
Adressierung;+
Netzbetrieb;+
Unternehmensarchitekten;+
Architekturfragen;+
Bebauungsdaten;+
Informationsquellen;+
UX;+
Softwaresystemen;+
Softwaresysteme;+
Iteratives;+
Analytische;+
prototypischen;+
Mocks;+
Kommunikationsprotokolls;+
Kommunikationsprotokoll;+
Implementierungen;+
Konfigurationsmanagement;+
Kompetente;+
Jasperreports;+
JAX-WS;+
ClearQuest;+
ClearCase;+
Reaktive;+
Reactive;+
Programming;+
App-Store;+
Projektumsetzung;+
Projektpartnern;+
Sicherheitstests;+
Sicherheitsschwachstellen;+
Sicherheitsniveau;+
Professional;+
Development;+
Bedrohungslage;+
Download;+
Play;+
AppStore;+
tester;+
Doppelimplementierungen;+
MFC;+
GUI-Design;+
Fremdsystemen;+
Abrechnungssystems;+
Valued;+
Gesamtprojektleitung;+
Roll-Out;+
OEM;+
Datenhoheit;+
Softwarelieferanten;+
Softwareentwicklungsprozess;+
Schnittstellenspezifikation;+
Mind-Manager;+
Unit;+
Head;+
EFI;+
Nachbarfunktionen;+
Migrationsstrategie;+
Modernisierungspfad;+
Migrationsschritte;+
Migrationspfades;+
Funktionsanalyse;+
Datenhaltung;+
Scrum-Master;+
Protractor;+
Produktionssupport;+
Produktionsfehleranalyse;+
Kernbanksystem;+
Internetvergleichsportale;+
Finanzdienstleiter;+
Finanzdienstleister;+
E2E;+
Backlog;+
Automatisierungsgrades;+
Project;+
Dashboard;+
Migrationsschritt;+
Migrationskonzept;+
Kennzahlensysteme;+
Hub;+
Hubs;+
Gesamtlandschaft;+
Datenhub;+
Ladezustandsdaten;+
Ladestandzustand;+
CCG;+
Dokumentationsstand;+
Codemetriken;+
Unternehmensanwendungen;+
Unternehmensanwendung;+
Projektdokumentation;+
Folgeprojekte;+
redundant;+
Systemlandschaften;+
Innovationskraft;+
Kernprozesse;+
Anwendungslandschaften;+
Zielarchitekturen;+
Unternehmensarchitekturmanagement;+
Teilarchitekturen;+
Themenlandkarte;+
Roadmaps;+
Architekturmanagement;+
Modellbeschreibungen;+
Drop;+
Drag;+
Bildschirmbereich;+
Bedienbarkeit;+
Baukastens;+
Baukasten;+
Internetverbindung;+
Schnittstellenprobleme;+
KAP;+
Wiederverwendung;+
Suchabfragen;+
Netzanbindungen;+
Netzanbindung;+
Native;+
Laptop;+
Entwicklungsmethoden;+
Berechtigungen;+
Zielsystemen;+
Zielsysteme;+
Skizze;+
Prototyping;+
Netzressourcen;+
Migrationsstrecke;+
Importdaten;+
Glasfaser;+
Doku;+
Datenintegration;+
codes;+
Verwaltungssystem;+
Systemversion;+
Systemfehlern;+
Erfassungslogik;+
Berechnungskern;+
Abnahmetests;+
Abnahmetest;+
Rapidminer;+
RapidMiner;+
Mining;+
Miner;+
Datenanalyse;+
Technisches;+
Suchmaschinensichtbarkeit;+
Suchfunktion;+
Standardprodukte;+
Produktinformationssystems;+
Ladezeiten;+
Koppelung;+
Echtzeitanbindung;+
Individualkomponente;+
Applikationsservers;+
analog;+
Netzwerken;+
Migrationswege;+
UNIX;+
OSS;+
Operations;+
Projektstrategie;+
Dokumentenvorlagen;+
Schnittstellendefinitionen;+
Reengineering;+
Unternehmensarchitekturmanagements;+
CMDB;+
BCM;+
Solvency;+
Architekturinformationssystem;+
World;+
Wide;+
Software-Distribution;+
Distribution;+
Browsern;+
Benutzerverwaltung;+
Softwareerstellung;+
Referenzmodell;+
Entwicklungsprozessen;+
ReUse;+
MEGA;+
Informationsmodells;+
Informationsmodell;+
Persistence;+
Netbeans;+
NetBeans;+
Hz;+
Entwicklungszeit;+
Box;+
Apps;+
JDBC;+
Datenmenge;+
Datenbanktechnologie;+
Anwendungsdaten;+
Abfragegeschwindigkeit;+
Projektstatus;+
Projektergebnissen;+
Softwarefehler;+
GPS;+
synchronen;+
Schutzklasse;+
Produktionsprozesse;+
Kommunikationsservers;+
Kommunikationsserver;+
IP;+
Funktechnologie;+
routing;+
Strategy;+
Traffic;+
Routings;+
Eingabe;+
Watch;+
Serverversionen;+
Integrationspunkten;+
tabellarische;+
leistungsstarkes;+
Wartungen;+
Wartungsteam;+
JQuery;+
Funktionserweiterungen;+
Bestandssystem;+
Bauteilen;+
Bauteile;+
Hyper;+
Gliffy;+
Care;+
Backendservices;+
linearen;+
Transformations;+
Rights;+
Media;+
Entscheidungsprozess;+
Analysten;+
TB;+
Suchmaske;+
Indizierung;+
BigData;+
Maskenlayout;+
Beratungssoftware;+
Backlogs;+
Angebotssoftware;+
AV;+
Assoziationen;+
Suchbegriffen;+
Suchbegriffe;+
unstrukturierten;+
Steuerungswerkzeug;+
Steuerungsinstrument;+
Projektprozesse;+
Projektprozess;+
Planungen;+
Dokumentationsstandards;+
Aufwandsminimierung;+
Architekturinformationen;+
optimierten;+
YUI3;+
YUI;+
Soap;+
CSS3;+
Feinkonzeption;+
Metapher;+
Dokuments;+
weiterzuentwickeln;+
methodische;+
Teilekalkulationen;+
Technologiestack;+
Serverkonzept;+
Serverebene;+
Systemschnitt;+
Modells;+
Ladeinfrastruktur;+
Detailanalyse;+
TomCat;+
Optimierungen;+
Hochflexibles;+
Funktionsumfanges;+
Big-Data;+
TRAC;+
Designentscheidungen;+
Builds;+
vision;+
Radar;+
GAP;+
Eigenentwicklungen;+
REST-API;+
Mails;+
Building;+
Blocks;+
Textsystems;+
Textbausteinen;+
Preview;+
Migrationskonzepte;+
Anwendungsentwickler;+
Prozessabbildung;+
Prozessschritte;+
Prozessmodelle;+
Prozessinstanzen;+
Prozessautomatisierung;+
11g;+
Predictive;+
Pilot;+
Fernkonfiguration;+
logy;+
Migrationen;+
Manage;+
Applikationssupport;+
9.x;+
SEA;+
Software-Engineering;+
Programms;+
Portlet;+
Migrationsstudien;+
Migrationskonzepts;+
iPhone-App;+
Applikationslandschaft;+
Open-Source-Software;+
Open-Source;+
Erweiterungsumgebung;+
Berechtigungssteuerung;+
Authentisierung;+
grafischer;+
skalierenden;+
extreme;+
archivierten;+
Testdaten;+
Scripte;+
Parametrisierung;+
Lasttestinfrastruktur;+
Hochlast;+
Hochlasterzeugungsphasen;+
Dynamischer;+
Archivieren;+
WebSocket;+
Web-Interface;+
Verkaufsanwendungen;+
Socket;+
Programmiersprache;+
JNI;+
Hardwaresimulatoren;+
Grundfunktionen;+
Automatensoftware;+
Ansteuerung;+
Sensoren;+
Compliance;+
Bedrohungsanalysen;+
Attack;+
Bedrohungen;+
Betriebssicherheit;+
Angriffe;+
nativen;+
nativem;+
dynaTrace;+
User-Experience;+
Java-Swing;+
Trace;+
Laufzeit;+
Firebug;+
Entwicklertools;+
Enabling;+
Dialogbeschreibungen;+
Chrome;+
Bankenanwendung;+
Adapter;+
Reaktionszeit;+
Schulungen;+
ANT;+
services;+
Scala;+
Nifi;+
MB;+
Petabyte;+
Datenschutzkomponente;+
Datenarchitektur;+
Auswertungsmodelle;+
Anonymisieren;+
Analysieren;+
Advanced;+
Kommunikationsplattform;+
Flow;+
DialogFlow;+
Assistant;+
fingertips;+
Verarbeitungsprozess;+
Sensordaten;+
Reduce;+
Memory;+
MapReduce;+
Informationsdienstleistungen;+
Datenauswertungen;+
Datenanalyseplattform;+
Cluster;+
hybriden;+
architektonische;+
Update;+
Softwareauslieferungen;+
Puppet;+
Netz;+
Internetauftritts;+
Installation;+
Gesamtprojekt;+
Funktionale;+
Delivery;+
Brokerage;+
managen;+
Guide;+
Assessments;+
IDM;+
Integrationsarchitektur;+
Benutzbarkeit;+
BPEL;+
TIFF;+
Processes;+
Multipage;+
Objektbeschreibungen;+
Imaging;+
Generieren;+
Generators;+
Generator;+
Dokumentenverarbeitung;+
Connector;+
Bibliotheken;+
Bibliothek;+
Truth;+
Projektplan;+
M3;+
Innovationsdrucks;+
Serversysteme;+
Repository;+
Laufzeitumgebungen;+
Laufzeitumgebung;+
Kernapplikation;+
GitLab;+
GNU;+
CDB;+
CD;+
Betriebsverantwortung;+
Auslieferung;+
programmiert;+
robust;+
Tag;+
Funkverbindung;+
Encryption;+
Carry;+
SQLServer;+
IIS;+
Digitalen;+
Aggregate;+
parametrisiert;+
XLS;+
Druckvorlagen;+
Dokumentvorlagen;+
Administrationsfunktionen;+
PICTURES;+
Ndepend;+
NDepend;+
FPO;+
Analyseergebnisse;+
Stack;+
Layouts;+
Informationsquelle;+
digital;+
Systemtechnik;+
SYSTEMTECHNIK;+
Plugins;+
Plugin;+
Moving;+
Kundenfrontend;+
Hintergrundsystems;+
Dateiformat;+
Automatendateien;+
Tester;+
Regelbetrieb;+
Onlinevertrieb;+
DBVisualizer;+
Conversion;+
Baustein;+
3D-Secure;+
TouchID;+
Label;+
ID;+
Fingerabdrucksensors;+
Doppelimplementierung;+
Felder;+
modulares;+
modulare;+
Prozessoptimierung;+
Neo4j;+
Neo4J;+
MariaDB;+
Informationssystem;+
TAN;+
Softwaresystem;+
Vuforia;+
Qualcomm;+
OpenGL;+
Reality;+
Testmanagers;+
Softwaremodule;+
Projektmitglieder;+
Projektinformationen;+
Informationsfluss;+
Firmware;+
Entwicklungsbeginn;+
Entwicklungsabteilungen;+
End-of-Life;+
Einzelprodukt;+
Technologieauswahl;+
Testmethoden;+
Steuerungsbefehle;+
Servicedienst;+
RIA;+
Connectivity;+
Chipkartensysteme;+
Barcode;+
Programmiersprachen;+
Programme;+
PowerPoint;+
MSSQL;+
deployed;+
YAML;+
Updates;+
Skript;+
Rolling;+
Objekte;+
Lastverhalten;+
Block;+
Autorisierung;+
thin-client;+
bidirektionale;+
Widget;+
Vertriebssystems;+
Vertriebsanwendung;+
Thin;+
Teilkomponente;+
Projektumsetzungen;+
Jave;+
Explorers;+
Aufgabensystems;+
Arbeitsplatzrechnern;+
Application-Server;+
Vert.X;+
confidential;+
urban;+
urbane;+
Statement;+
Reader;+
Proto;+
Produktspektrum;+
LED;+
Produktinformationen;+
Betriebssysteme;+
Applikationslandschaften;+
6.x;+
phone;+
mobiles;+
Zahlungssystems;+
Systemsicherheit;+
Systemschnittstellen;+
Partnersysteme;+
Payment;+
POS;+
Next;+
Dokumentationsrichtlinien;+
Develop;+
vollautomatische;+
Testmanagements;+
Testkonzeption;+
Story;+
PO;+
Setup;+
Kapselungen;+
Integrationstiefe;+
Hosting;+
Entwicklungszyklen;+
Entwicklungsumgebungen;+
Dynamische;+
Cross;+
Acceptance;+
PowerPivot;+
Nat;+
Infra;+
smarte;+
Massenprozessen;+
Innovationsprojekten;+
Innovationsprojekte;+
End-to-End;+
R2;+
Stammdaten;+
Langzeitarchivierung;+
Kundendaten;+
Kalkulationstool;+
Integrationsplattformen;+
Gesamtprozess;+
Drittsystemen;+
Servicedaten;+
Scopes;+
Fehlerbehandlung;+
Testphase;+
Stories;+
Sicherheitskonzept;+
Kommunikationshistorie;+
Edifact;+
Dateischnittstelle;+
Administrationsaufwand;+
Websockets;+
Spotify;+
Openshift;+
NodeJS;+
Node.js;+
MongoDB;+
downloads;+
Scannen;+
Papierdokumenten;+
Module;+
ITIL;+
Technologieberatung;+
Secure;+
Data;+
Lakes;+
Lake;+
Landschaft;+
Heterogene;+
Ticket;+
Automat;+
Tickets;+
Zugriff;+
Absicherung;+
Key;+
View;+
Speicherung;+
entwickelt;+
Code;+
Internationalisierung;+
Entwicklungen;+
testet;+
Phase;+
JEE;+
Modelle;+
technischer;+
Datenaufbereitung;+
Plattform;+
Kommunikation;+
Boot;+
