android;+
gui;+
angularjs;+
bigdata;+
elasticsearch;+
glassfish;+
jee7;+
logstash;+
linux;+
oracle;+
redis;+
rest;+
weblogic;+
jee;+
ldap;+
liferay;+
java;+
monitoring;+
single-sign-on;+
sso-services;+
innovation;+
ki-methoden;+
digitalisierung;+
api;+
aws;+
blockchain;+
cloud;+
distributed;+
contracts;+
ethereum;+
firebase;+
geth;+
google;+
ionic;+
ledger;+
messaging;+
peer-to-peer;+
smart;+
solidity;+
truffle;+
web3.js;+
đapp;+
iot;+
openspeedmonitor;+
android-app;+
app;+
bluetooth;+
chip;+
internet;+
sensor;+
things;+
wearable;+
hardware-encryption;+
smartphone;+
chatbot;+
chatsystem;+
dialogmaschine;+
e-mail;+
exchange;+
kommunikationsplattform;+
mattermost;+
microsoft;+
.net;+
sms;+
it-anwendungslandschaft;+
teradata;+
axis;+
fuzzy;+
hibernate;+
mdm;+
struts;+
tibco;+
trillium;+
anwendungslandschaft;+
csv;+
edifact;+
xml;+
seeburger;+
datentransformation;+
apache;+
frontend;+
jsf;+
lucene;+
myfaces;+
richfaces;+
spring;+
tomcat;+
eam;+
migration;+
ios;+
ipad;+
iphone;+
mobile;+
mobilen;+
mobilgeräte;+
soap;+
webservices;+
wsdl;+
pki-chipkarten;+
jetty;+
workflows;+
html;+
wicket;+
cobol;+
mainframe;+
ms;+
unix;+
windows;+
jpa;+
oracle-db;+
usb-stick;+
webanwendung;+
gui-design;+
host-system;+
host-systeme;+
javascript;+
jquery;+
rich-client-anwendungen;+
c/c++;+
c;+
c++;+
cdn;+
restful;+
portal;+
portals;+
exi;+
ocpp;+
ant;+
doors;+
htmlunit;+
ibm;+
hp;+
junit;+
subversion;+
mms;+
opencaq;+
.net/iis/biztalk;+
iis;+
biztalk;+
java/tomcat;+
sql-server;+
sqlserver;+
angular;+
docker;+
docker-technologie;+
erp;+
erp-system;+
erp-systems;+
jhipster;+
js;+
spring-boot;+
sql;+
boot;+
mariadb;+
maria;+
neo4j;+
web-plattform;+
hadoop;+
hadoop-cluster;+
hadoop-clusters;+
hive;+
mapreduce;+
qlikview;+
apple;+
jee5;+
notification;+
push;+
smartphone-apps;+
smartphones;+
led;+
vert.x;+
ngtp;+
rhmi;+
proto;+
jsp;+
objective-c;+
ee;+
http;+
web;+
big-data;+
big-data-lösung;+
big-data-technologie;+
hadoop-infrastruktur;+
hive-abfragen;+
hive-datenbank;+
oracle-datenbank;+
qlikview-frontend;+
stammdatenmanagement;+
informationsbebauung;+
agile;+
hardware;+
integration;+
scrum;+
tablet;+
agiles;+
efi;+
efi-fahrzeugschnittstelle;+
emobility;+
jee6;+
jee6/pai5;+
autosar;+
source-code-reviews;+
uml;+
bebauungsmanagement;+
it-bebauung;+
it-management;+
it-systemlandschaft;+
it-systemübersichten;+
canvas;+
joynr;+
mocks;+
swagger;+
glasfish;+
intranet;+
responsive;+
templates;+
augmented;+
opengl;+
qualcomm;+
vuforia;+
algorithmen;+
cognos;+
db2;+
dwh;+
clustering;+
bi;+
clusterstrategie;+
ces;+
css;+
websocket;+
jsf2;+
sap;+
warehouse;+
facebook-api;+
facebook-applikation;+
opensocial-api;+
arc42;+
atam;+
domain;+
driven;+
architekturmodernisierung;+
jms;+
it-bebauungsmanagement;+
it-bebauungsmanagements;+
it-landschaft;+
iteraplan;+
architekturberatung;+
architekturreview;+
cdi;+
code-reviews;+
eclipse;+
git;+
jax-rs;+
kepler;+
vaadin;+
abap;+
assembler;+
c#;+
informatica;+
java-script;+
jcl;+
mssql;+
perl;+
php;+
pl/1;+
powerpoint;+
sas;+
vba;+
code-qualität;+
it-regelwerke;+
amazon;+
bash;+
devops;+
ec2;+
elastic;+
jenkins;+
jmeter;+
last;+
performance;+
lastspitzen;+
lasttestinfrastruktur;+
lasterzeugungskapazität;+
lasterzeugungs-umgebung;+
mobility;+
security;+
smartphone-einführung;+
smartphone-lösung;+
cloudformation;+
clusters;+
groovy;+
json;+
kinesis;+
kubernetes;+
kubernetes-objekte;+
yaml;+
esb;+
fuse;+
jboss;+
servicemix;+
queuing;+
message;+
code-walkthroughs;+
enterprise;+
it-strategien;+
stan;+
architekturanalyse;+
health-checks;+
cases;+
eadocx;+
enterprisearchitect;+
tracing;+
tm1;+
d3;+
d3.js;+
excel;+
pdf;+
typescript;+
scrum-basiert;+
web-technologien;+
cordova;+
react;+
reporting;+
reports;+
html5;+
swift;+
dojo;+
websphere;+
graph;+
ecmascript5;+
blackberry;+
browser;+
webview;+
watch;+
itil;+
javaee;+
jira;+
selenium;+
sonar;+
sonarqube;+
dbvisualizer;+
legacy;+
usability;+
analytics;+
echtzeit;+
events;+
kafka;+
ki;+
mockito;+
scala;+
spark;+
confluence;+
gliffy;+
kibana;+
mongo;+
ajax;+
hoc;+
migrationsstrategie;+
parallelbetrieb;+
pl/sql;+
soa;+
webbasierte;+
basic;+
lastprofilgenerator;+
lastprofilgenerators;+
netbeans;+
visio;+
cics;+
gprs;+
pda;+
swing;+
crm;+
domäne;+
domänen;+
siebel;+
cics-transaction-gateway;+
gateway;+
mfc;+
rcp;+
facelets;+
j2ee;+
xhtml;+
rich-client-anwendung;+
mq;+
natural;+
clearcase;+
clearquest;+
ibatis;+
jax;+
jax-ws;+
jasperreports;+
konfigurationsmanagement;+
ws;+
cms;+
https;+
maven;+
objective;+
puppet;+
ruby;+
svn;+
webserver;+
cxf;+
cocoa;+
hbci;+
touch;+
bipro;+
digital;+
digitale;+
digitalen;+
testng;+
appcode;+
appstore;+
xcode;+
bpm;+
aris;+
change-management;+
governance;+
ms-office;+
clarity;+
dashboard;+
intelligence;+
ppm;+
sharepoint;+
allegro;+
openlink;+
sakonnet;+
pomax;+
xenon;+
viz;+
murex;+
navita;+
agilen;+
camunda;+
cdb;+
ci;+
ci/cd;+
continuous;+
gitlab;+
gnu;+
gnu/linux;+
openshift;+
workflow;+
agiler;+
agileren;+
micro-services;+
postgresql;+
swarm;+
adobe;+
asf;+
bpmn;+
lifecycle;+
bpmn2;+
gps;+
batch;+
eap;+
quartz;+
gerrit;+
jaas;+
openam;+
sso;+
aspectj;+
connector;+
connectors;+
dms;+
hsqldb;+
jaxb;+
imaging;+
tiff;+
e2e;+
liquibase;+
protractor;+
broker;+
bus;+
hub;+
middleware;+
chrome;+
dynatrace;+
firebug;+
gwt;+
gxt;+
java-swing;+
birt;+
report;+
reportings;+
template;+
templating;+
templating-engine;+
xls;+
10g;+
itext;+
documentum;+
caching;+
jmx;+
pdf-verarbeitung;+
embedded;+
health;+
qt4;+
qt4.8;+
rs232;+
c#.net;+
silverlight;+
wmb;+
velocity;+
mid;+
11g;+
signavio;+
grails;+
tms;+
jni;+
microservices;+
aspects;+
jformdesigner;+
spring-ws-security;+
asp;+
asp.net;+
barcode;+
gateways;+
nhibernate;+
net;+
nunit;+
postsharp;+
ria;+
rich;+
wcf;+
jbpm;+
itsm;+
gradle;+
intel;+
opc;+
predictive;+
drupal;+
mysql;+
twitter;+
cas;+
xwiki;+
apps;+
kanban;+
redux;+
native;+
alfabet;+
ea;+
planning-it;+
findbugs;+
pmd;+
corba;+
fat;+
fat-client;+
unisys;+
checkstyle;+
ndepend;+
3scale;+
azure;+
camel;+
grafana;+
keycloak;+
mongodb;+
node;+
node.js;+
nodejs;+
prometheus;+
sass;+
spotify;+
dbms;+
jsr;+
portlet;+
css3;+
jstl;+
yui;+
yui3;+
weld;+
weld/cdi;+
zk;+
drools;+
java/jee;+
encfs;+
burp;+
archimate;+
atlassian;+
greenhopper;+
seo;+
plm;+
radar;+
pipeline;+
splunk;+
togaf;+
dom;+
javascripts;+
yslow;+
wpt;+
pagespeed;+
dom-monster;+
yui-compressor;+
premise;+
saas;+
ui;+
media;+
bebauungsplanung;+
infopath;+
oauth;+
flyway;+
aix;+
application-server;+
lotus;+
smalltalk;+
thin-client;+
thin;+
widget;+
redmine;+
assentis;+
ssas;+
ssis;+
ssrs;+
web-frontend;+
asterisk;+
hivemq;+
ios-app;+
javafx;+
openlayers;+
app-store;+
foundry;+
hystrix;+
kotlin;+
mvp;+
pivotal;+
reactive;+
postgres;+
edi;+
im4g;+
is-u;+
talend;+
db;+
etl;+
jdbc;+
hudson;+
tivoli;+
itm;+
bpel;+
hpqc;+
idm;+
qtp;+
rational;+
oss;+
swt;+
jexcelapi;+
rapid;+
xstream;+
hybris;+
pim;+
bootstrap;+
powerbuilder;+
access;+
fi/co;+
syneris;+
docker-swarm;+
oem;+
mail;+
rest-api;+
analyzer;+
big;+
data;+
edwh;+
mining;+
rapidminer;+
crystal;+
analysis;+
objects;+
viewpoint;+
host;+
m3;+
refactoring;+
login;+
proxy;+
reverse-proxy;+
reverse;+
dmz;+
hot;+
web-service;+
web-services;+
open;+
active;+
directory;+
open-source;+
open-source-software;+
point;+
