frappe;-
deferred;+
account;+
expense;+
currency;+
debit;+
invoice;+
revenue;+
voucher;+
income;+
company;+
purchase;+
precise;+
credit;+
outstanding;+
cost;+
period;+
budget;+
def;-
throw;-
ab;-
journal;+
perpetual;+
inventory;+
transact;+
stock;+
capital;+
ye;+
lambda;-
payment;+
pass;-
fiscal;+
balance;+
quarterly;+
monthly;+
ledger;+
pointer;-
year;+
weekly;+
daily;+
order;+
supplier;+
cur;-
let;-
number;-
filter;-
new;-
make;-
global;-
copy;-
sort;-
doc;-
edit;-
ignore;-
db;-
max;-
license;-
pvt;-
function;-
technology;-
contributor;-
copyright;-
form;-
inform;-
refresh;-
allow;-
read;-
hide;-
view;-
print;-
permission;-
user;-
amend;-
owner;-
submit;-
share;-
export;-
cancel;-
write;-
create;-
report;-
track;-
email;-
search;-
role;-
delete;-
modify;-
set;-
field;-
manage;-
quick;-
import;-
administrator;-
entry;-
timeline;-
value;-
type;-
event;-
translate;-
bulk;-
guest;-
remember;-
engine;-
beta;-
seen;-
toolbar;-
unique;-
collapse;-
attach;-
bold;-
web;-
image;-
hidden;-
index;-
head;-
grid;-
length;-
change;-
standard;-
case;-
rename;-
column;-
creation;-
module;-
label;-
data;-
custom;-
document;+
select;-
list;-
future;-
liter;-
code;-
class;-
model;-
assert;-
test;-
key;-
file;-
line;-
remove;-
equal;-
expect;-
run;-
active;-
serial;-
insert;-
disable;-
dimension;+
pl;-
default;-
refer;-
mandatory;-
option;-
link;-
check;-
sheet;-
loss;+
profit;+
dynamic;-
self;-
department;+
property;+
je;-
save;-
locate;-
setter;-
sale;+
add;-
row;-
item;-
message;-
block;-
core;-
scrub;-
enable;-
table;-
project;-
count;-
update;-
warehouse;+
clear;-
return;-
cache;-
freeze;-
alert;-
tab;-
push;-
true;-
green;-
fee;+
map;-
sold;+
toggle;-
append;-
indicate;-
good;-
local;-
callback;-
child;-
flag;-
exist;-
route;-
join;-
method;-
query;-
subscription;-
tuple;-
description;-
parent;-
tool;-
qty;-
rate;+
dict;-
tear;-
charge;+
valid;-
asset;-
delivery;+
request;-
open;-
note;-
tax;+
raise;-
format;-
travel;+
trash;+
loyalty;+
land;+
invalid;-
button;-
center;-
background;-
profile;-
publish;-
reconciliation;+
deduct;+
payroll;+
job;+
claim;+
structure;+
adjust;+
split;+
progress;+
ship;+
receipt;+
col;-
material;+
schedule;+
program;+
rule;+
load;-
plan;+
depend;-
section;+
text;-
break;-
title;-
error;-
false;-
cash;+
template;+
party;+
flow;-
price;+
group;-
en;-
term;-
root;-
statement;+
total;+
close;-
discount;+
general;+
shareholder;+
paid;+
category;+
receive;+
click;-
distribute;+
public;+
timeout;-
mode;-
record;+
com;-
day;+
withholding;+
base;-
gnu;-
advance;+
gateway;+
finance;+
et;-
payable;+
status;+
percentage;+
allocate;+
point;+
exchange;+
para;-
post;-
month;+
end;-
book;+
apply;-
contact;+
var;-
fetch;-
condition;+
equity;+
flt;+
country;+
address;+
non;-
chart;+
fix;+
transfer;+
start;+
net;+
tree;+
include;+
abbr;-
correct;+
la;-
es;-
guarantee;+
setup;+
applicant;+
liability;+
scheme;+
cashier;+
depreciated;+
promote;+
grand;+
mapper;+
pr;-
au;-
id;-
revaluation;+
loan;+
dialog;+
state;+
product;+
fa;-
width;-
differ;+
stale;+
ac;-
und;-
pi;-
portion;+
person;+
bank;+
date;-
current;-
margin;+
action;+
clearance;+
quotation;+
edge;+
control;+
trigger;+
calculate;+
pour;+
master;+
series;+
territory;+
ft;-
remark;+
provision;+
valor;+
reconcile;+
intangible;+
service;+
header;+
sell;+
gain;+
largo;+
temporary;+
rt;-
unpaid;+
redemption;+
tier;+
valuation;+
accumulate;+
brand;+
chargeable;+
collect;+
float;-
determine;+
int;-
tr;-
page;-
cc;-
auto;-
equipped;+
red;-
orange;-
vat;+
transport;+
draft;+
